13.9899, N3fpm5fixedIilLj16EEE
13.7794, N3fpm5fixedIilLj16EEE
13.5723, N3fpm5fixedIilLj16EEE
13.3684, N3fpm5fixedIilLj16EEE
10.5848, N3fpm5fixedIilLj16EEE
10.4376, N3fpm5fixedIilLj16EEE
10.2924, N3fpm5fixedIilLj16EEE
10.1493, N3fpm5fixedIilLj16EEE
11.0906, N3fpm5fixedIilLj16EEE
10.9306, N3fpm5fixedIilLj16EEE
10.7732, N3fpm5fixedIilLj16EEE
10.618, N3fpm5fixedIilLj16EEE
12.6357, N3fpm5fixedIilLj16EEE
12.4287, N3fpm5fixedIilLj16EEE
12.2251, N3fpm5fixedIilLj16EEE
12.0248, N3fpm5fixedIilLj16EEE
10.2036, N3fpm5fixedIilLj16EEE
10.0555, N3fpm5fixedIilLj16EEE
9.90958, N3fpm5fixedIilLj16EEE
9.76605, N3fpm5fixedIilLj16EEE
10.0479, N3fpm5fixedIilLj16EEE
9.89418, N3fpm5fixedIilLj16EEE
9.7428, N3fpm5fixedIilLj16EEE
9.59393, N3fpm5fixedIilLj16EEE
11.471, N3fpm5fixedIilLj16EEE
11.2818, N3fpm5fixedIilLj16EEE
11.0955, N3fpm5fixedIilLj16EEE
10.9126, N3fpm5fixedIilLj16EEE
6.66422, N3fpm5fixedIilLj16EEE
6.57343, N3fpm5fixedIilLj16EEE
6.48396, N3fpm5fixedIilLj16EEE
6.39589, N3fpm5fixedIilLj16EEE
5.98056, N3fpm5fixedIilLj16EEE
5.90485, N3fpm5fixedIilLj16EEE
5.83009, N3fpm5fixedIilLj16EEE
5.75636, N3fpm5fixedIilLj16EEE
6.62317, N3fpm5fixedIilLj16EEE
6.53496, N3fpm5fixedIilLj16EEE
6.44807, N3fpm5fixedIilLj16EEE
6.36235, N3fpm5fixedIilLj16EEE
9.30347, N3fpm5fixedIilLj16EEE
9.15089, N3fpm5fixedIilLj16EEE
9.00095, N3fpm5fixedIilLj16EEE
8.85345, N3fpm5fixedIilLj16EEE
6.82399, N3fpm5fixedIilLj16EEE
6.72624, N3fpm5fixedIilLj16EEE
6.62993, N3fpm5fixedIilLj16EEE
6.53511, N3fpm5fixedIilLj16EEE
6.54233, N3fpm5fixedIilLj16EEE
6.45024, N3fpm5fixedIilLj16EEE
6.35947, N3fpm5fixedIilLj16EEE
6.27016, N3fpm5fixedIilLj16EEE
6.06955, N3fpm5fixedIilLj16EEE
5.98152, N3fpm5fixedIilLj16EEE
5.8949, N3fpm5fixedIilLj16EEE
5.80957, N3fpm5fixedIilLj16EEE
4.95941, N3fpm5fixedIilLj16EEE
4.89117, N3fpm5fixedIilLj16EEE
4.82397, N3fpm5fixedIilLj16EEE
4.75775, N3fpm5fixedIilLj16EEE
5.77815, N3fpm5fixedIilLj16EEE
5.69551, N3fpm5fixedIilLj16EEE
5.61407, N3fpm5fixedIilLj16EEE
5.53401, N3fpm5fixedIilLj16EEE
5.22603, N3fpm5fixedIilLj16EEE
5.154, N3fpm5fixedIilLj16EEE
5.08313, N3fpm5fixedIilLj16EEE
5.01324, N3fpm5fixedIilLj16EEE
4.27356, N3fpm5fixedIilLj16EEE
4.2128, N3fpm5fixedIilLj16EEE
4.1529, N3fpm5fixedIilLj16EEE
4.09402, N3fpm5fixedIilLj16EEE
4.82626, N3fpm5fixedIilLj16EEE
4.75447, N3fpm5fixedIilLj16EEE
4.68382, N3fpm5fixedIilLj16EEE
4.61441, N3fpm5fixedIilLj16EEE
4.81738, N3fpm5fixedIilLj16EEE
4.74596, N3fpm5fixedIilLj16EEE
4.67566, N3fpm5fixedIilLj16EEE
4.6065, N3fpm5fixedIilLj16EEE
2.26505, N3fpm5fixedIilLj16EEE
2.23857, N3fpm5fixedIilLj16EEE
2.21239, N3fpm5fixedIilLj16EEE
2.18657, N3fpm5fixedIilLj16EEE
4.15063, N3fpm5fixedIilLj16EEE
4.09045, N3fpm5fixedIilLj16EEE
4.03128, N3fpm5fixedIilLj16EEE
3.97298, N3fpm5fixedIilLj16EEE
3.3078, N3fpm5fixedIilLj16EEE
3.26286, N3fpm5fixedIilLj16EEE
3.21858, N3fpm5fixedIilLj16EEE
3.17508, N3fpm5fixedIilLj16EEE
2.99179, N3fpm5fixedIilLj16EEE
2.95547, N3fpm5fixedIilLj16EEE
2.91959, N3fpm5fixedIilLj16EEE
2.88425, N3fpm5fixedIilLj16EEE
3.1492, N3fpm5fixedIilLj16EEE
3.10681, N3fpm5fixedIilLj16EEE
3.06512, N3fpm5fixedIilLj16EEE
3.02406, N3fpm5fixedIilLj16EEE
2.40152, N3fpm5fixedIilLj16EEE
2.37198, N3fpm5fixedIilLj16EEE
2.34279, N3fpm5fixedIilLj16EEE
2.31406, N3fpm5fixedIilLj16EEE
2.81879, N3fpm5fixedIilLj16EEE
2.7808, N3fpm5fixedIilLj16EEE
2.74342, N3fpm5fixedIilLj16EEE
2.70653, N3fpm5fixedIilLj16EEE
2.24225, N3fpm5fixedIilLj16EEE
2.21503, N3fpm5fixedIilLj16EEE
2.18823, N3fpm5fixedIilLj16EEE
2.16176, N3fpm5fixedIilLj16EEE
2.70537, N3fpm5fixedIilLj16EEE
2.66928, N3fpm5fixedIilLj16EEE
2.63382, N3fpm5fixedIilLj16EEE
2.59888, N3fpm5fixedIilLj16EEE
1.92715, N3fpm5fixedIilLj16EEE
1.90324, N3fpm5fixedIilLj16EEE
1.87968, N3fpm5fixedIilLj16EEE
1.85648, N3fpm5fixedIilLj16EEE
2.07495, N3fpm5fixedIilLj16EEE
2.04878, N3fpm5fixedIilLj16EEE
2.02298, N3fpm5fixedIilLj16EEE
1.99762, N3fpm5fixedIilLj16EEE
2.05122, N3fpm5fixedIilLj16EEE
2.02798, N3fpm5fixedIilLj16EEE
2.00508, N3fpm5fixedIilLj16EEE
1.98244, N3fpm5fixedIilLj16EEE
2.00851, N3fpm5fixedIilLj16EEE
1.98552, N3fpm5fixedIilLj16EEE
1.9629, N3fpm5fixedIilLj16EEE
1.94055, N3fpm5fixedIilLj16EEE
2.87703, N3fpm5fixedIilLj16EEE
2.83717, N3fpm5fixedIilLj16EEE
2.79784, N3fpm5fixedIilLj16EEE
2.75923, N3fpm5fixedIilLj16EEE
2.44363, N3fpm5fixedIilLj16EEE
2.4117, N3fpm5fixedIilLj16EEE
2.38031, N3fpm5fixedIilLj16EEE
2.3494, N3fpm5fixedIilLj16EEE
1.36273, N3fpm5fixedIilLj16EEE
1.34671, N3fpm5fixedIilLj16EEE
1.33089, N3fpm5fixedIilLj16EEE
1.31529, N3fpm5fixedIilLj16EEE
1.65538, N3fpm5fixedIilLj16EEE
1.63634, N3fpm5fixedIilLj16EEE
1.61748, N3fpm5fixedIilLj16EEE
1.59897, N3fpm5fixedIilLj16EEE
1.70613, N3fpm5fixedIilLj16EEE
1.68494, N3fpm5fixedIilLj16EEE
1.66406, N3fpm5fixedIilLj16EEE
1.64357, N3fpm5fixedIilLj16EEE
1.82289, N3fpm5fixedIilLj16EEE
1.80084, N3fpm5fixedIilLj16EEE
1.7792, N3fpm5fixedIilLj16EEE
1.75793, N3fpm5fixedIilLj16EEE
0.879242, N3fpm5fixedIilLj16EEE
0.870972, N3fpm5fixedIilLj16EEE
0.862808, N3fpm5fixedIilLj16EEE
0.854782, N3fpm5fixedIilLj16EEE
1.56386, N3fpm5fixedIilLj16EEE
1.54875, N3fpm5fixedIilLj16EEE
1.53386, N3fpm5fixedIilLj16EEE
1.51915, N3fpm5fixedIilLj16EEE
1.29262, N3fpm5fixedIilLj16EEE
1.28018, N3fpm5fixedIilLj16EEE
1.26791, N3fpm5fixedIilLj16EEE
1.25577, N3fpm5fixedIilLj16EEE
1.23363, N3fpm5fixedIilLj16EEE
1.21992, N3fpm5fixedIilLj16EEE
1.2064, N3fpm5fixedIilLj16EEE
1.19312, N3fpm5fixedIilLj16EEE
0.875504, N3fpm5fixedIilLj16EEE
0.867889, N3fpm5fixedIilLj16EEE
0.860321, N3fpm5fixedIilLj16EEE
0.852905, N3fpm5fixedIilLj16EEE
0.60907, N3fpm5fixedIilLj16EEE
0.604019, N3fpm5fixedIilLj16EEE
0.599045, N3fpm5fixedIilLj16EEE
0.594147, N3fpm5fixedIilLj16EEE
1.3026, N3fpm5fixedIilLj16EEE
1.28709, N3fpm5fixedIilLj16EEE
1.27184, N3fpm5fixedIilLj16EEE
1.25682, N3fpm5fixedIilLj16EEE
0.991287, N3fpm5fixedIilLj16EEE
0.979904, N3fpm5fixedIilLj16EEE
0.968704, N3fpm5fixedIilLj16EEE
0.957642, N3fpm5fixedIilLj16EEE
0.885391, N3fpm5fixedIilLj16EEE
0.877609, N3fpm5fixedIilLj16EEE
0.869888, N3fpm5fixedIilLj16EEE
0.862335, N3fpm5fixedIilLj16EEE
1.4596, N3fpm5fixedIilLj16EEE
1.44084, N3fpm5fixedIilLj16EEE
1.42232, N3fpm5fixedIilLj16EEE
1.40414, N3fpm5fixedIilLj16EEE
0.758102, N3fpm5fixedIilLj16EEE
0.753632, N3fpm5fixedIilLj16EEE
0.749222, N3fpm5fixedIilLj16EEE
0.744873, N3fpm5fixedIilLj16EEE
1.04752, N3fpm5fixedIilLj16EEE
1.03755, N3fpm5fixedIilLj16EEE
1.02774, N3fpm5fixedIilLj16EEE
1.0181, N3fpm5fixedIilLj16EEE
1.173, N3fpm5fixedIilLj16EEE
1.15938, N3fpm5fixedIilLj16EEE
1.14598, N3fpm5fixedIilLj16EEE
1.13274, N3fpm5fixedIilLj16EEE
0.727097, N3fpm5fixedIilLj16EEE
0.720596, N3fpm5fixedIilLj16EEE
0.714249, N3fpm5fixedIilLj16EEE
0.707932, N3fpm5fixedIilLj16EEE
0.772644, N3fpm5fixedIilLj16EEE
0.7668, N3fpm5fixedIilLj16EEE
0.761032, N3fpm5fixedIilLj16EEE
0.755356, N3fpm5fixedIilLj16EEE
0.710617, N3fpm5fixedIilLj16EEE
0.705551, N3fpm5fixedIilLj16EEE
0.700577, N3fpm5fixedIilLj16EEE
0.695679, N3fpm5fixedIilLj16EEE
0.540771, N3fpm5fixedIilLj16EEE
0.536743, N3fpm5fixedIilLj16EEE
0.532745, N3fpm5fixedIilLj16EEE
0.528809, N3fpm5fixedIilLj16EEE
0.789093, N3fpm5fixedIilLj16EEE
0.781067, N3fpm5fixedIilLj16EEE
0.773178, N3fpm5fixedIilLj16EEE
0.765396, N3fpm5fixedIilLj16EEE
0.62738, N3fpm5fixedIilLj16EEE
0.622406, N3fpm5fixedIilLj16EEE
0.617477, N3fpm5fixedIilLj16EEE
0.61264, N3fpm5fixedIilLj16EEE
0.792206, N3fpm5fixedIilLj16EEE
0.787323, N3fpm5fixedIilLj16EEE
0.782455, N3fpm5fixedIilLj16EEE
0.777695, N3fpm5fixedIilLj16EEE
0.97551, N3fpm5fixedIilLj16EEE
0.967026, N3fpm5fixedIilLj16EEE
0.958664, N3fpm5fixedIilLj16EEE
0.95047, N3fpm5fixedIilLj16EEE
0.662048, N3fpm5fixedIilLj16EEE
0.658386, N3fpm5fixedIilLj16EEE
0.65477, N3fpm5fixedIilLj16EEE
0.651199, N3fpm5fixedIilLj16EEE
0.993484, N3fpm5fixedIilLj16EEE
0.985367, N3fpm5fixedIilLj16EEE
0.977448, N3fpm5fixedIilLj16EEE
0.969604, N3fpm5fixedIilLj16EEE
0.696732, N3fpm5fixedIilLj16EEE
0.689728, N3fpm5fixedIilLj16EEE
0.682846, N3fpm5fixedIilLj16EEE
0.676071, N3fpm5fixedIilLj16EEE
0.394577, N3fpm5fixedIilLj16EEE
0.393112, N3fpm5fixedIilLj16EEE
0.391647, N3fpm5fixedIilLj16EEE
0.390213, N3fpm5fixedIilLj16EEE
0.858551, N3fpm5fixedIilLj16EEE
0.851135, N3fpm5fixedIilLj16EEE
0.843826, N3fpm5fixedIilLj16EEE
0.836655, N3fpm5fixedIilLj16EEE
0.860321, N3fpm5fixedIilLj16EEE
0.851212, N3fpm5fixedIilLj16EEE
0.842239, N3fpm5fixedIilLj16EEE
0.83345, N3fpm5fixedIilLj16EEE
0.574188, N3fpm5fixedIilLj16EEE
0.569382, N3fpm5fixedIilLj16EEE
0.564667, N3fpm5fixedIilLj16EEE
0.559982, N3fpm5fixedIilLj16EEE
0.406616, N3fpm5fixedIilLj16EEE
0.40509, N3fpm5fixedIilLj16EEE
0.403564, N3fpm5fixedIilLj16EEE
0.402084, N3fpm5fixedIilLj16EEE
0.417999, N3fpm5fixedIilLj16EEE
0.41603, N3fpm5fixedIilLj16EEE
0.414093, N3fpm5fixedIilLj16EEE
0.412155, N3fpm5fixedIilLj16EEE
0.836334, N3fpm5fixedIilLj16EEE
0.831085, N3fpm5fixedIilLj16EEE
0.825928, N3fpm5fixedIilLj16EEE
0.820877, N3fpm5fixedIilLj16EEE
0.753174, N3fpm5fixedIilLj16EEE
0.749222, N3fpm5fixedIilLj16EEE
0.745316, N3fpm5fixedIilLj16EEE
0.7415, N3fpm5fixedIilLj16EEE
0.594345, N3fpm5fixedIilLj16EEE
0.588516, N3fpm5fixedIilLj16EEE
0.582764, N3fpm5fixedIilLj16EEE
0.577133, N3fpm5fixedIilLj16EEE
0.405457, N3fpm5fixedIilLj16EEE
0.403946, N3fpm5fixedIilLj16EEE
0.402466, N3fpm5fixedIilLj16EEE
0.401, N3fpm5fixedIilLj16EEE
0.355545, N3fpm5fixedIilLj16EEE
0.354462, N3fpm5fixedIilLj16EEE
0.353409, N3fpm5fixedIilLj16EEE
0.352356, N3fpm5fixedIilLj16EEE
0.476288, N3fpm5fixedIilLj16EEE
0.473816, N3fpm5fixedIilLj16EEE
0.471359, N3fpm5fixedIilLj16EEE
0.468964, N3fpm5fixedIilLj16EEE
0.632782, N3fpm5fixedIilLj16EEE
0.630325, N3fpm5fixedIilLj16EEE
0.627899, N3fpm5fixedIilLj16EEE
0.625473, N3fpm5fixedIilLj16EEE
0.35498, N3fpm5fixedIilLj16EEE
0.353271, N3fpm5fixedIilLj16EEE
0.351593, N3fpm5fixedIilLj16EEE
0.34993, N3fpm5fixedIilLj16EEE
0.58194, N3fpm5fixedIilLj16EEE
0.577103, N3fpm5fixedIilLj16EEE
0.572296, N3fpm5fixedIilLj16EEE
0.567612, N3fpm5fixedIilLj16EEE
0.337463, N3fpm5fixedIilLj16EEE
0.336716, N3fpm5fixedIilLj16EEE
0.335968, N3fpm5fixedIilLj16EEE
0.335236, N3fpm5fixedIilLj16EEE
0.670547, N3fpm5fixedIilLj16EEE
0.666489, N3fpm5fixedIilLj16EEE
0.662506, N3fpm5fixedIilLj16EEE
0.658554, N3fpm5fixedIilLj16EEE
0.462204, N3fpm5fixedIilLj16EEE
0.461044, N3fpm5fixedIilLj16EEE
0.459885, N3fpm5fixedIilLj16EEE
0.45874, N3fpm5fixedIilLj16EEE
0.371277, N3fpm5fixedIilLj16EEE
0.36998, N3fpm5fixedIilLj16EEE
0.368683, N3fpm5fixedIilLj16EEE
0.36737, N3fpm5fixedIilLj16EEE
0.642014, N3fpm5fixedIilLj16EEE
0.639999, N3fpm5fixedIilLj16EEE
0.638016, N3fpm5fixedIilLj16EEE
0.636047, N3fpm5fixedIilLj16EEE
0.321503, N3fpm5fixedIilLj16EEE
0.320709, N3fpm5fixedIilLj16EEE
0.319931, N3fpm5fixedIilLj16EEE
0.319183, N3fpm5fixedIilLj16EEE
0.674438, N3fpm5fixedIilLj16EEE
0.670868, N3fpm5fixedIilLj16EEE
0.667343, N3fpm5fixedIilLj16EEE
0.663879, N3fpm5fixedIilLj16EEE
0.51503, N3fpm5fixedIilLj16EEE
0.512802, N3fpm5fixedIilLj16EEE
0.510605, N3fpm5fixedIilLj16EEE
0.508438, N3fpm5fixedIilLj16EEE
0.402313, N3fpm5fixedIilLj16EEE
0.40036, N3fpm5fixedIilLj16EEE
0.398438, N3fpm5fixedIilLj16EEE
0.39656, N3fpm5fixedIilLj16EEE
0.415222, N3fpm5fixedIilLj16EEE
0.413589, N3fpm5fixedIilLj16EEE
0.411942, N3fpm5fixedIilLj16EEE
0.410355, N3fpm5fixedIilLj16EEE
0.231964, N3fpm5fixedIilLj16EEE
0.231827, N3fpm5fixedIilLj16EEE
0.231674, N3fpm5fixedIilLj16EEE
0.231537, N3fpm5fixedIilLj16EEE
0.497696, N3fpm5fixedIilLj16EEE
0.494324, N3fpm5fixedIilLj16EEE
0.491013, N3fpm5fixedIilLj16EEE
0.487747, N3fpm5fixedIilLj16EEE
0.486084, N3fpm5fixedIilLj16EEE
0.485107, N3fpm5fixedIilLj16EEE
0.484116, N3fpm5fixedIilLj16EEE
0.483154, N3fpm5fixedIilLj16EEE
0.44728, N3fpm5fixedIilLj16EEE
0.446304, N3fpm5fixedIilLj16EEE
0.445358, N3fpm5fixedIilLj16EEE
0.444412, N3fpm5fixedIilLj16EEE
0.381042, N3fpm5fixedIilLj16EEE
0.380432, N3fpm5fixedIilLj16EEE
0.379837, N3fpm5fixedIilLj16EEE
0.379242, N3fpm5fixedIilLj16EEE
0.28511, N3fpm5fixedIilLj16EEE
0.28479, N3fpm5fixedIilLj16EEE
0.284454, N3fpm5fixedIilLj16EEE
0.284134, N3fpm5fixedIilLj16EEE
0.352249, N3fpm5fixedIilLj16EEE
0.351791, N3fpm5fixedIilLj16EEE
0.351334, N3fpm5fixedIilLj16EEE
0.350891, N3fpm5fixedIilLj16EEE
0.458557, N3fpm5fixedIilLj16EEE
0.456024, N3fpm5fixedIilLj16EEE
0.453583, N3fpm5fixedIilLj16EEE
0.451126, N3fpm5fixedIilLj16EEE
0.361526, N3fpm5fixedIilLj16EEE
0.360443, N3fpm5fixedIilLj16EEE
0.35936, N3fpm5fixedIilLj16EEE
0.358307, N3fpm5fixedIilLj16EEE
0.67569, N3fpm5fixedIilLj16EEE
0.672348, N3fpm5fixedIilLj16EEE
0.669067, N3fpm5fixedIilLj16EEE
0.665848, N3fpm5fixedIilLj16EEE
0.30571, N3fpm5fixedIilLj16EEE
0.304825, N3fpm5fixedIilLj16EEE
0.30394, N3fpm5fixedIilLj16EEE
0.30307, N3fpm5fixedIilLj16EEE
0.325256, N3fpm5fixedIilLj16EEE
0.324097, N3fpm5fixedIilLj16EEE
0.322937, N3fpm5fixedIilLj16EEE
0.321808, N3fpm5fixedIilLj16EEE
0.47702, N3fpm5fixedIilLj16EEE
0.475357, N3fpm5fixedIilLj16EEE
0.473709, N3fpm5fixedIilLj16EEE
0.472107, N3fpm5fixedIilLj16EEE
0.349792, N3fpm5fixedIilLj16EEE
0.349136, N3fpm5fixedIilLj16EEE
0.348465, N3fpm5fixedIilLj16EEE
0.347809, N3fpm5fixedIilLj16EEE
0.306976, N3fpm5fixedIilLj16EEE
0.306747, N3fpm5fixedIilLj16EEE
0.306534, N3fpm5fixedIilLj16EEE
0.30632, N3fpm5fixedIilLj16EEE
0.452316, N3fpm5fixedIilLj16EEE
0.451492, N3fpm5fixedIilLj16EEE
0.450668, N3fpm5fixedIilLj16EEE
0.44989, N3fpm5fixedIilLj16EEE
0.429138, N3fpm5fixedIilLj16EEE
0.427689, N3fpm5fixedIilLj16EEE
0.42627, N3fpm5fixedIilLj16EEE
0.42488, N3fpm5fixedIilLj16EEE
0.383484, N3fpm5fixedIilLj16EEE
0.380402, N3fpm5fixedIilLj16EEE
0.37738, N3fpm5fixedIilLj16EEE
0.374405, N3fpm5fixedIilLj16EEE
0.303635, N3fpm5fixedIilLj16EEE
0.302979, N3fpm5fixedIilLj16EEE
0.302322, N3fpm5fixedIilLj16EEE
0.301666, N3fpm5fixedIilLj16EEE
0.290283, N3fpm5fixedIilLj16EEE
0.29007, N3fpm5fixedIilLj16EEE
0.289856, N3fpm5fixedIilLj16EEE
0.289658, N3fpm5fixedIilLj16EEE
0.235413, N3fpm5fixedIilLj16EEE
0.235138, N3fpm5fixedIilLj16EEE
0.234879, N3fpm5fixedIilLj16EEE
0.234634, N3fpm5fixedIilLj16EEE
0.327942, N3fpm5fixedIilLj16EEE
0.327316, N3fpm5fixedIilLj16EEE
0.32669, N3fpm5fixedIilLj16EEE
0.32608, N3fpm5fixedIilLj16EEE
0.333115, N3fpm5fixedIilLj16EEE
0.332901, N3fpm5fixedIilLj16EEE
0.332687, N3fpm5fixedIilLj16EEE
0.332458, N3fpm5fixedIilLj16EEE
0.251343, N3fpm5fixedIilLj16EEE
0.251129, N3fpm5fixedIilLj16EEE
0.250916, N3fpm5fixedIilLj16EEE
0.250702, N3fpm5fixedIilLj16EEE
0.214508, N3fpm5fixedIilLj16EEE
0.21431, N3fpm5fixedIilLj16EEE
0.214127, N3fpm5fixedIilLj16EEE
0.213928, N3fpm5fixedIilLj16EEE
0.331696, N3fpm5fixedIilLj16EEE
0.329865, N3fpm5fixedIilLj16EEE
0.328049, N3fpm5fixedIilLj16EEE
0.326263, N3fpm5fixedIilLj16EEE
0.418594, N3fpm5fixedIilLj16EEE
0.418106, N3fpm5fixedIilLj16EEE
0.417618, N3fpm5fixedIilLj16EEE
0.417145, N3fpm5fixedIilLj16EEE
0.2724, N3fpm5fixedIilLj16EEE
0.271866, N3fpm5fixedIilLj16EEE
0.271347, N3fpm5fixedIilLj16EEE
0.270813, N3fpm5fixedIilLj16EEE
0.444305, N3fpm5fixedIilLj16EEE
0.443619, N3fpm5fixedIilLj16EEE
0.442917, N3fpm5fixedIilLj16EEE
0.44223, N3fpm5fixedIilLj16EEE
0.317474, N3fpm5fixedIilLj16EEE
0.3172, N3fpm5fixedIilLj16EEE
0.316925, N3fpm5fixedIilLj16EEE
0.31665, N3fpm5fixedIilLj16EEE
0.253143, N3fpm5fixedIilLj16EEE
0.252975, N3fpm5fixedIilLj16EEE
0.252808, N3fpm5fixedIilLj16EEE
0.252655, N3fpm5fixedIilLj16EEE
0.301117, N3fpm5fixedIilLj16EEE
0.300644, N3fpm5fixedIilLj16EEE
0.300186, N3fpm5fixedIilLj16EEE
0.299713, N3fpm5fixedIilLj16EEE
0.370087, N3fpm5fixedIilLj16EEE
0.369522, N3fpm5fixedIilLj16EEE
0.368942, N3fpm5fixedIilLj16EEE
0.368378, N3fpm5fixedIilLj16EEE
0.30481, N3fpm5fixedIilLj16EEE
0.304092, N3fpm5fixedIilLj16EEE
0.303421, N3fpm5fixedIilLj16EEE
0.30275, N3fpm5fixedIilLj16EEE
0.523132, N3fpm5fixedIilLj16EEE
0.522339, N3fpm5fixedIilLj16EEE
0.521545, N3fpm5fixedIilLj16EEE
0.520752, N3fpm5fixedIilLj16EEE
0.318939, N3fpm5fixedIilLj16EEE
0.318649, N3fpm5fixedIilLj16EEE
0.318359, N3fpm5fixedIilLj16EEE
0.318085, N3fpm5fixedIilLj16EEE
0.345673, N3fpm5fixedIilLj16EEE
0.345154, N3fpm5fixedIilLj16EEE
0.34468, N3fpm5fixedIilLj16EEE
0.344162, N3fpm5fixedIilLj16EEE
0.34642, N3fpm5fixedIilLj16EEE
0.345459, N3fpm5fixedIilLj16EEE
0.344498, N3fpm5fixedIilLj16EEE
0.343552, N3fpm5fixedIilLj16EEE
0.266632, N3fpm5fixedIilLj16EEE
0.26619, N3fpm5fixedIilLj16EEE
0.265747, N3fpm5fixedIilLj16EEE
0.26532, N3fpm5fixedIilLj16EEE
0.278183, N3fpm5fixedIilLj16EEE
0.277985, N3fpm5fixedIilLj16EEE
0.277802, N3fpm5fixedIilLj16EEE
0.277603, N3fpm5fixedIilLj16EEE
0.445663, N3fpm5fixedIilLj16EEE
0.444229, N3fpm5fixedIilLj16EEE
0.442795, N3fpm5fixedIilLj16EEE
0.44139, N3fpm5fixedIilLj16EEE
0.257812, N3fpm5fixedIilLj16EEE
0.257675, N3fpm5fixedIilLj16EEE
0.257538, N3fpm5fixedIilLj16EEE
0.2574, N3fpm5fixedIilLj16EEE
0.407898, N3fpm5fixedIilLj16EEE
0.407196, N3fpm5fixedIilLj16EEE
0.406494, N3fpm5fixedIilLj16EEE
0.405807, N3fpm5fixedIilLj16EEE
0.326645, N3fpm5fixedIilLj16EEE
0.326218, N3fpm5fixedIilLj16EEE
0.325775, N3fpm5fixedIilLj16EEE
0.325317, N3fpm5fixedIilLj16EEE
0.305405, N3fpm5fixedIilLj16EEE
0.305099, N3fpm5fixedIilLj16EEE
0.304794, N3fpm5fixedIilLj16EEE
0.304474, N3fpm5fixedIilLj16EEE
0.257767, N3fpm5fixedIilLj16EEE
0.257568, N3fpm5fixedIilLj16EEE
0.25737, N3fpm5fixedIilLj16EEE
0.257187, N3fpm5fixedIilLj16EEE
0.329193, N3fpm5fixedIilLj16EEE
0.328964, N3fpm5fixedIilLj16EEE
0.328735, N3fpm5fixedIilLj16EEE
0.328506, N3fpm5fixedIilLj16EEE
0.324783, N3fpm5fixedIilLj16EEE
0.324417, N3fpm5fixedIilLj16EEE
0.32405, N3fpm5fixedIilLj16EEE
0.323685, N3fpm5fixedIilLj16EEE
0.323486, N3fpm5fixedIilLj16EEE
0.32315, N3fpm5fixedIilLj16EEE
0.322845, N3fpm5fixedIilLj16EEE
0.322525, N3fpm5fixedIilLj16EEE
0.324249, N3fpm5fixedIilLj16EEE
0.323822, N3fpm5fixedIilLj16EEE
0.32338, N3fpm5fixedIilLj16EEE
0.322968, N3fpm5fixedIilLj16EEE
0.305817, N3fpm5fixedIilLj16EEE
0.305328, N3fpm5fixedIilLj16EEE
0.304825, N3fpm5fixedIilLj16EEE
0.304337, N3fpm5fixedIilLj16EEE
0.221756, N3fpm5fixedIilLj16EEE
0.221573, N3fpm5fixedIilLj16EEE
0.22139, N3fpm5fixedIilLj16EEE
0.221207, N3fpm5fixedIilLj16EEE
0.269073, N3fpm5fixedIilLj16EEE
0.268616, N3fpm5fixedIilLj16EEE
0.268158, N3fpm5fixedIilLj16EEE
0.2677, N3fpm5fixedIilLj16EEE
0.342407, N3fpm5fixedIilLj16EEE
0.341995, N3fpm5fixedIilLj16EEE
0.341614, N3fpm5fixedIilLj16EEE
0.341232, N3fpm5fixedIilLj16EEE
0.228668, N3fpm5fixedIilLj16EEE
0.228424, N3fpm5fixedIilLj16EEE
0.228195, N3fpm5fixedIilLj16EEE
0.227966, N3fpm5fixedIilLj16EEE
0.33374, N3fpm5fixedIilLj16EEE
0.333359, N3fpm5fixedIilLj16EEE
0.332962, N3fpm5fixedIilLj16EEE
0.33258, N3fpm5fixedIilLj16EEE
0.2827, N3fpm5fixedIilLj16EEE
0.282455, N3fpm5fixedIilLj16EEE
0.282211, N3fpm5fixedIilLj16EEE
0.281967, N3fpm5fixedIilLj16EEE
0.213867, N3fpm5fixedIilLj16EEE
0.213608, N3fpm5fixedIilLj16EEE
0.213364, N3fpm5fixedIilLj16EEE
0.21312, N3fpm5fixedIilLj16EEE
0.240356, N3fpm5fixedIilLj16EEE
0.239746, N3fpm5fixedIilLj16EEE
0.239136, N3fpm5fixedIilLj16EEE
0.23851, N3fpm5fixedIilLj16EEE
0.352783, N3fpm5fixedIilLj16EEE
0.352203, N3fpm5fixedIilLj16EEE
0.351639, N3fpm5fixedIilLj16EEE
0.351074, N3fpm5fixedIilLj16EEE
0.429138, N3fpm5fixedIilLj16EEE
0.428177, N3fpm5fixedIilLj16EEE
0.427216, N3fpm5fixedIilLj16EEE
0.426254, N3fpm5fixedIilLj16EEE
0.406113, N3fpm5fixedIilLj16EEE
0.405838, N3fpm5fixedIilLj16EEE
0.405563, N3fpm5fixedIilLj16EEE
0.405289, N3fpm5fixedIilLj16EEE
0.277344, N3fpm5fixedIilLj16EEE
0.27687, N3fpm5fixedIilLj16EEE
0.276413, N3fpm5fixedIilLj16EEE
0.27594, N3fpm5fixedIilLj16EEE
0.21051, N3fpm5fixedIilLj16EEE
0.210037, N3fpm5fixedIilLj16EEE
0.209564, N3fpm5fixedIilLj16EEE
0.209122, N3fpm5fixedIilLj16EEE
0.287094, N3fpm5fixedIilLj16EEE
0.286835, N3fpm5fixedIilLj16EEE
0.28659, N3fpm5fixedIilLj16EEE
0.286331, N3fpm5fixedIilLj16EEE
0.28125, N3fpm5fixedIilLj16EEE
0.280533, N3fpm5fixedIilLj16EEE
0.279816, N3fpm5fixedIilLj16EEE
0.279129, N3fpm5fixedIilLj16EEE
0.307526, N3fpm5fixedIilLj16EEE
0.307297, N3fpm5fixedIilLj16EEE
0.307083, N3fpm5fixedIilLj16EEE
0.30687, N3fpm5fixedIilLj16EEE
0.239166, N3fpm5fixedIilLj16EEE
0.238953, N3fpm5fixedIilLj16EEE
0.238739, N3fpm5fixedIilLj16EEE
0.238525, N3fpm5fixedIilLj16EEE
0.239243, N3fpm5fixedIilLj16EEE
0.239044, N3fpm5fixedIilLj16EEE
0.238846, N3fpm5fixedIilLj16EEE
0.238632, N3fpm5fixedIilLj16EEE
0.345886, N3fpm5fixedIilLj16EEE
0.345566, N3fpm5fixedIilLj16EEE
0.34526, N3fpm5fixedIilLj16EEE
0.34494, N3fpm5fixedIilLj16EEE
0.263336, N3fpm5fixedIilLj16EEE
0.263184, N3fpm5fixedIilLj16EEE
0.263046, N3fpm5fixedIilLj16EEE
0.262878, N3fpm5fixedIilLj16EEE
0.35353, N3fpm5fixedIilLj16EEE
0.353302, N3fpm5fixedIilLj16EEE
0.353073, N3fpm5fixedIilLj16EEE
0.352859, N3fpm5fixedIilLj16EEE
0.336914, N3fpm5fixedIilLj16EEE
0.336624, N3fpm5fixedIilLj16EEE
0.336349, N3fpm5fixedIilLj16EEE
0.336075, N3fpm5fixedIilLj16EEE
0.290466, N3fpm5fixedIilLj16EEE
0.290222, N3fpm5fixedIilLj16EEE
0.290009, N3fpm5fixedIilLj16EEE
0.28978, N3fpm5fixedIilLj16EEE
0.209457, N3fpm5fixedIilLj16EEE
0.209305, N3fpm5fixedIilLj16EEE
0.209137, N3fpm5fixedIilLj16EEE
0.208984, N3fpm5fixedIilLj16EEE
0.276352, N3fpm5fixedIilLj16EEE
0.276199, N3fpm5fixedIilLj16EEE
0.276062, N3fpm5fixedIilLj16EEE
0.275909, N3fpm5fixedIilLj16EEE
0.30252, N3fpm5fixedIilLj16EEE
0.302368, N3fpm5fixedIilLj16EEE
0.302216, N3fpm5fixedIilLj16EEE
0.302078, N3fpm5fixedIilLj16EEE
0.252914, N3fpm5fixedIilLj16EEE
0.252686, N3fpm5fixedIilLj16EEE
0.252487, N3fpm5fixedIilLj16EEE
0.252258, N3fpm5fixedIilLj16EEE
0.330505, N3fpm5fixedIilLj16EEE
0.330093, N3fpm5fixedIilLj16EEE
0.329697, N3fpm5fixedIilLj16EEE
0.3293, N3fpm5fixedIilLj16EEE
0.380569, N3fpm5fixedIilLj16EEE
0.38031, N3fpm5fixedIilLj16EEE
0.38005, N3fpm5fixedIilLj16EEE
0.379791, N3fpm5fixedIilLj16EEE
0.292908, N3fpm5fixedIilLj16EEE
0.29251, N3fpm5fixedIilLj16EEE
0.292099, N3fpm5fixedIilLj16EEE
0.291702, N3fpm5fixedIilLj16EEE
0.256485, N3fpm5fixedIilLj16EEE
0.256165, N3fpm5fixedIilLj16EEE
0.255844, N3fpm5fixedIilLj16EEE
0.255524, N3fpm5fixedIilLj16EEE
0.19844, N3fpm5fixedIilLj16EEE
0.198334, N3fpm5fixedIilLj16EEE
0.198212, N3fpm5fixedIilLj16EEE
0.19809, N3fpm5fixedIilLj16EEE
0.240051, N3fpm5fixedIilLj16EEE
0.239868, N3fpm5fixedIilLj16EEE
0.239716, N3fpm5fixedIilLj16EEE
0.239532, N3fpm5fixedIilLj16EEE
0.264969, N3fpm5fixedIilLj16EEE
0.264816, N3fpm5fixedIilLj16EEE
0.264648, N3fpm5fixedIilLj16EEE
0.26448, N3fpm5fixedIilLj16EEE
0.167068, N3fpm5fixedIilLj16EEE
0.166916, N3fpm5fixedIilLj16EEE
0.166733, N3fpm5fixedIilLj16EEE
0.166565, N3fpm5fixedIilLj16EEE
0.337738, N3fpm5fixedIilLj16EEE
0.33728, N3fpm5fixedIilLj16EEE
0.336838, N3fpm5fixedIilLj16EEE
0.33638, N3fpm5fixedIilLj16EEE
0.306183, N3fpm5fixedIilLj16EEE
0.305878, N3fpm5fixedIilLj16EEE
0.305588, N3fpm5fixedIilLj16EEE
0.305298, N3fpm5fixedIilLj16EEE
0.226791, N3fpm5fixedIilLj16EEE
0.226425, N3fpm5fixedIilLj16EEE
0.226074, N3fpm5fixedIilLj16EEE
0.225708, N3fpm5fixedIilLj16EEE
0.411255, N3fpm5fixedIilLj16EEE
0.410309, N3fpm5fixedIilLj16EEE
0.409332, N3fpm5fixedIilLj16EEE
0.408386, N3fpm5fixedIilLj16EEE
0.317459, N3fpm5fixedIilLj16EEE
0.317215, N3fpm5fixedIilLj16EEE
0.316986, N3fpm5fixedIilLj16EEE
0.316757, N3fpm5fixedIilLj16EEE
0.23738, N3fpm5fixedIilLj16EEE
0.237228, N3fpm5fixedIilLj16EEE
0.237091, N3fpm5fixedIilLj16EEE
0.236938, N3fpm5fixedIilLj16EEE
0.219589, N3fpm5fixedIilLj16EEE
0.219299, N3fpm5fixedIilLj16EEE
0.219009, N3fpm5fixedIilLj16EEE
0.218735, N3fpm5fixedIilLj16EEE
0.213318, N3fpm5fixedIilLj16EEE
0.212952, N3fpm5fixedIilLj16EEE
0.21257, N3fpm5fixedIilLj16EEE
0.212204, N3fpm5fixedIilLj16EEE
0.339981, N3fpm5fixedIilLj16EEE
0.33966, N3fpm5fixedIilLj16EEE
0.33937, N3fpm5fixedIilLj16EEE
0.339066, N3fpm5fixedIilLj16EEE
0.16507, N3fpm5fixedIilLj16EEE
0.164642, N3fpm5fixedIilLj16EEE
0.16423, N3fpm5fixedIilLj16EEE
0.163818, N3fpm5fixedIilLj16EEE
0.319702, N3fpm5fixedIilLj16EEE
0.319519, N3fpm5fixedIilLj16EEE
0.319336, N3fpm5fixedIilLj16EEE
0.319153, N3fpm5fixedIilLj16EEE
0.254623, N3fpm5fixedIilLj16EEE
0.254425, N3fpm5fixedIilLj16EEE
0.254242, N3fpm5fixedIilLj16EEE
0.254059, N3fpm5fixedIilLj16EEE
0.177063, N3fpm5fixedIilLj16EEE
0.176971, N3fpm5fixedIilLj16EEE
0.17688, N3fpm5fixedIilLj16EEE
0.176788, N3fpm5fixedIilLj16EEE
0.288712, N3fpm5fixedIilLj16EEE
0.288483, N3fpm5fixedIilLj16EEE
0.288254, N3fpm5fixedIilLj16EEE
0.288025, N3fpm5fixedIilLj16EEE
0.306839, N3fpm5fixedIilLj16EEE
0.306656, N3fpm5fixedIilLj16EEE
0.306458, N3fpm5fixedIilLj16EEE
0.306274, N3fpm5fixedIilLj16EEE
0.3797, N3fpm5fixedIilLj16EEE
0.379395, N3fpm5fixedIilLj16EEE
0.37912, N3fpm5fixedIilLj16EEE
0.378815, N3fpm5fixedIilLj16EEE
0.215942, N3fpm5fixedIilLj16EEE
0.21556, N3fpm5fixedIilLj16EEE
0.215164, N3fpm5fixedIilLj16EEE
0.214783, N3fpm5fixedIilLj16EEE
0.209839, N3fpm5fixedIilLj16EEE
0.209595, N3fpm5fixedIilLj16EEE
0.20935, N3fpm5fixedIilLj16EEE
0.209122, N3fpm5fixedIilLj16EEE
0.221176, N3fpm5fixedIilLj16EEE
0.221069, N3fpm5fixedIilLj16EEE
0.220963, N3fpm5fixedIilLj16EEE
0.220856, N3fpm5fixedIilLj16EEE
0.254883, N3fpm5fixedIilLj16EEE
0.254578, N3fpm5fixedIilLj16EEE
0.254272, N3fpm5fixedIilLj16EEE
0.253967, N3fpm5fixedIilLj16EEE
0.202301, N3fpm5fixedIilLj16EEE
0.202179, N3fpm5fixedIilLj16EEE
0.202072, N3fpm5fixedIilLj16EEE
0.20195, N3fpm5fixedIilLj16EEE
0.222183, N3fpm5fixedIilLj16EEE
0.221832, N3fpm5fixedIilLj16EEE
0.221497, N3fpm5fixedIilLj16EEE
0.221146, N3fpm5fixedIilLj16EEE
0.262146, N3fpm5fixedIilLj16EEE
0.262039, N3fpm5fixedIilLj16EEE
0.261917, N3fpm5fixedIilLj16EEE
0.26181, N3fpm5fixedIilLj16EEE
0.270477, N3fpm5fixedIilLj16EEE
0.270279, N3fpm5fixedIilLj16EEE
0.270096, N3fpm5fixedIilLj16EEE
0.269897, N3fpm5fixedIilLj16EEE
0.231155, N3fpm5fixedIilLj16EEE
0.231033, N3fpm5fixedIilLj16EEE
0.230911, N3fpm5fixedIilLj16EEE
0.230789, N3fpm5fixedIilLj16EEE
0.282806, N3fpm5fixedIilLj16EEE
0.28247, N3fpm5fixedIilLj16EEE
0.28212, N3fpm5fixedIilLj16EEE
0.281784, N3fpm5fixedIilLj16EEE